,# WAVE,FLUX
0,3814.49471651,1.00343363
