,# WAVE,FLUX
0,3814.49471651,1.00343363
1,3814.49971651,0.84914947
2,3814.50471651,-0.05113071
3,3814.50971651,-0.342862
4,3814.51471651,0.19166315
